created at,id,run id,run attempt,workflow name,name,head branch,conclusion,step,html url
"18.09.23, 15:03:47",16892448554,6224377170,1,DevExtreme Angular Tests,test,renovate/23_2-pin-dependencies,failure,Install npm packages,https://github.com/DevExpress/DevExtreme/actions/runs/6224377170/job/16892448554
"18.09.23, 13:44:22",16889330355,6223415836,1,DevExtreme Angular Tests,test,renovate/23_2-pin-dependencies,failure,Install npm packages,https://github.com/DevExpress/DevExtreme/actions/runs/6223415836/job/16889330355
"18.09.23, 13:40:56",16889203263,6223379095,1,DevExtreme Angular Tests,test,renovate/23_2-pin-dependencies,failure,Install npm packages,https://github.com/DevExpress/DevExtreme/actions/runs/6223379095/job/16889203263
"18.09.23, 11:52:50",16885375635,6222105927,1,DevExtreme Angular Tests,test,Charts_types_23_2,failure,Check generated code,https://github.com/DevExpress/DevExtreme/actions/runs/6222105927/job/16885375635
"18.09.23, 10:57:31",16883788516,6221568747,1,DevExtreme Angular Tests,test,Charts_types_23_2,failure,Build devextreme package,https://github.com/DevExpress/DevExtreme/actions/runs/6221568747/job/16883788516
"18.09.23, 10:05:06",16882281792,6221051061,1,DevExtreme Angular Tests,test,Charts_types_23_2,failure,Build devextreme package,https://github.com/DevExpress/DevExtreme/actions/runs/6221051061/job/16882281792
"18.09.23, 09:58:16",16882061523,6220971043,1,DevExtreme Angular Tests,test,renovate/23_2-pin-dependencies,failure,Install npm packages,https://github.com/DevExpress/DevExtreme/actions/runs/6220971043/job/16882061523
"18.09.23, 06:54:54",16876790014,6219181001,1,DevExtreme Angular Tests,test,renovate/23_2-pin-dependencies,failure,Install npm packages,https://github.com/DevExpress/DevExtreme/actions/runs/6219181001/job/16876790014
"18.09.23, 06:54:53",16876789511,6219180963,1,DevExtreme Angular Tests,test,renovate/23_2-pin-dependencies,failure,Install npm packages,https://github.com/DevExpress/DevExtreme/actions/runs/6219180963/job/16876789511
"18.09.23, 02:41:44",16872883504,6217597989,1,DevExtreme Angular Tests,test,renovate/23_2-pin-dependencies,failure,Install npm packages,https://github.com/DevExpress/DevExtreme/actions/runs/6217597989/job/16872883504
"18.09.23, 19:32:06",16901139673,6227141479,1,DevExtreme package tests,build,scheduler_feature_views_and_appts,cancelled,Use Node.js,https://github.com/DevExpress/DevExtreme/actions/runs/6227141479/job/16901139673
"18.09.23, 19:36:29",16901268557,6227141479,1,DevExtreme package tests,Bundlers tests,scheduler_feature_views_and_appts,cancelled,,https://github.com/DevExpress/DevExtreme/actions/runs/6227141479/job/16901268557
"18.09.23, 19:36:29",16901268845,6227141479,1,DevExtreme package tests,Demos visual tests ${{ matrix.CONSTEL }},scheduler_feature_views_and_appts,cancelled,,https://github.com/DevExpress/DevExtreme/actions/runs/6227141479/job/16901268845
"18.09.23, 19:36:30",16901269166,6227141479,1,DevExtreme package tests,Send notifications,scheduler_feature_views_and_appts,cancelled,,https://github.com/DevExpress/DevExtreme/actions/runs/6227141479/job/16901269166
"18.09.23, 18:11:48",16898726169,6226265373,1,DevExtreme package tests,Demos visual tests jquery(3/4),scheduler_feature_views_and_appts,failure,Run TestCafe tests,https://github.com/DevExpress/DevExtreme/actions/runs/6226265373/job/16898726169
"18.09.23, 18:11:48",16898726330,6226265373,1,DevExtreme package tests,Demos visual tests jquery(4/4),scheduler_feature_views_and_appts,failure,Run TestCafe tests,https://github.com/DevExpress/DevExtreme/actions/runs/6226265373/job/16898726330
"18.09.23, 18:01:08",16898369837,6226241056,1,DevExtreme package tests,build,scheduler_feature_views_and_appts,cancelled,Build devextreme repo,https://github.com/DevExpress/DevExtreme/actions/runs/6226241056/job/16898369837
"18.09.23, 18:03:31",16898453189,6226241056,1,DevExtreme package tests,Bundlers tests,scheduler_feature_views_and_appts,cancelled,,https://github.com/DevExpress/DevExtreme/actions/runs/6226241056/job/16898453189
"18.09.23, 18:03:32",16898453591,6226241056,1,DevExtreme package tests,Demos visual tests ${{ matrix.CONSTEL }},scheduler_feature_views_and_appts,cancelled,,https://github.com/DevExpress/DevExtreme/actions/runs/6226241056/job/16898453591
"18.09.23, 18:03:32",16898453902,6226241056,1,DevExtreme package tests,Send notifications,scheduler_feature_views_and_appts,cancelled,,https://github.com/DevExpress/DevExtreme/actions/runs/6226241056/job/16898453902
"18.09.23, 17:18:33",16897102086,6225729666,1,DevExtreme package tests,Demos visual tests jquery(3/4),scheduler_feature_views_and_appts,failure,Run TestCafe tests,https://github.com/DevExpress/DevExtreme/actions/runs/6225729666/job/16897102086
"18.09.23, 17:18:34",16897102353,6225729666,1,DevExtreme package tests,Demos visual tests jquery(4/4),scheduler_feature_views_and_appts,failure,Run TestCafe tests,https://github.com/DevExpress/DevExtreme/actions/runs/6225729666/job/16897102353
"18.09.23, 15:51:09",16894214337,6224844403,1,DevExtreme package tests,Demos visual tests jquery(3/4),scheduler_feature_views_and_appts,failure,Run TestCafe tests,https://github.com/DevExpress/DevExtreme/actions/runs/6224844403/job/16894214337
"18.09.23, 15:51:09",16894214615,6224844403,1,DevExtreme package tests,Demos visual tests jquery(4/4),scheduler_feature_views_and_appts,failure,Run TestCafe tests,https://github.com/DevExpress/DevExtreme/actions/runs/6224844403/job/16894214615
"18.09.23, 15:03:50",16892450500,6224377179,1,DevExtreme package tests,build,renovate/23_2-pin-dependencies,failure,Install packages in devextreme repo,https://github.com/DevExpress/DevExtreme/actions/runs/6224377179/job/16892450500
"18.09.23, 13:44:24",16889331897,6223415850,1,DevExtreme package tests,build,renovate/23_2-pin-dependencies,failure,Install packages in devextreme repo,https://github.com/DevExpress/DevExtreme/actions/runs/6223415850/job/16889331897
"18.09.23, 13:40:57",16889204106,6223379088,1,DevExtreme package tests,build,renovate/23_2-pin-dependencies,failure,Install packages in devextreme repo,https://github.com/DevExpress/DevExtreme/actions/runs/6223379088/job/16889204106
"18.09.23, 12:19:56",16886264645,6222399857,1,DevExtreme package tests,build,23_2_placeholders_a11y,cancelled,Build devextreme repo,https://github.com/DevExpress/DevExtreme/actions/runs/6222399857/job/16886264645
"18.09.23, 12:25:08",16886440279,6222399857,1,DevExtreme package tests,Bundlers tests,23_2_placeholders_a11y,cancelled,,https://github.com/DevExpress/DevExtreme/actions/runs/6222399857/job/16886440279
"18.09.23, 12:25:09",16886440689,6222399857,1,DevExtreme package tests,Demos visual tests ${{ matrix.CONSTEL }},23_2_placeholders_a11y,cancelled,,https://github.com/DevExpress/DevExtreme/actions/runs/6222399857/job/16886440689
"18.09.23, 12:25:10",16886441070,6222399857,1,DevExtreme package tests,Send notifications,23_2_placeholders_a11y,cancelled,,https://github.com/DevExpress/DevExtreme/actions/runs/6222399857/job/16886441070
"18.09.23, 10:57:33",16883789296,6221568758,1,DevExtreme package tests,build,Charts_types_23_2,failure,Build devextreme repo,https://github.com/DevExpress/DevExtreme/actions/runs/6221568758/job/16883789296
"18.09.23, 10:05:07",16882282637,6221051068,1,DevExtreme package tests,build,Charts_types_23_2,failure,Build devextreme repo,https://github.com/DevExpress/DevExtreme/actions/runs/6221051068/job/16882282637
"18.09.23, 09:58:16",16882061899,6220971046,1,DevExtreme package tests,build,renovate/23_2-pin-dependencies,failure,Install packages in devextreme repo,https://github.com/DevExpress/DevExtreme/actions/runs/6220971046/job/16882061899
"18.09.23, 10:04:59",16882277659,6220959406,1,DevExtreme package tests,Demos visual tests jquery(3/4),23_2,failure,Run TestCafe tests,https://github.com/DevExpress/DevExtreme/actions/runs/6220959406/job/16882277659
"18.09.23, 09:58:26",16882066411,6220895602,1,DevExtreme package tests,Demos visual tests jquery(1/4),feature/license-check,cancelled,Run TestCafe tests,https://github.com/DevExpress/DevExtreme/actions/runs/6220895602/job/16882066411
"18.09.23, 09:58:27",16882066614,6220895602,1,DevExtreme package tests,Demos visual tests jquery(2/4),feature/license-check,cancelled,Run TestCafe tests,https://github.com/DevExpress/DevExtreme/actions/runs/6220895602/job/16882066614
"18.09.23, 09:58:27",16882066792,6220895602,1,DevExtreme package tests,Demos visual tests jquery(3/4),feature/license-check,cancelled,Run TestCafe tests,https://github.com/DevExpress/DevExtreme/actions/runs/6220895602/job/16882066792
"18.09.23, 09:58:27",16882066974,6220895602,1,DevExtreme package tests,Demos visual tests jquery(4/4),feature/license-check,cancelled,Run TestCafe tests,https://github.com/DevExpress/DevExtreme/actions/runs/6220895602/job/16882066974
"18.09.23, 10:03:14",16882218218,6220895602,1,DevExtreme package tests,Send notifications,feature/license-check,cancelled,,https://github.com/DevExpress/DevExtreme/actions/runs/6220895602/job/16882218218
"18.09.23, 06:54:56",16876790694,6219180992,1,DevExtreme package tests,build,renovate/23_2-pin-dependencies,failure,Install packages in devextreme repo,https://github.com/DevExpress/DevExtreme/actions/runs/6219180992/job/16876790694
"18.09.23, 02:41:46",16872883821,6217597979,1,DevExtreme package tests,build,renovate/23_2-pin-dependencies,failure,Install packages in devextreme repo,https://github.com/DevExpress/DevExtreme/actions/runs/6217597979/job/16872883821
"18.09.23, 15:03:47",16892448147,6224377173,1,DevExtreme React Tests,test,renovate/23_2-pin-dependencies,failure,Run npm install,https://github.com/DevExpress/DevExtreme/actions/runs/6224377173/job/16892448147
"18.09.23, 13:44:21",16889330071,6223415853,1,DevExtreme React Tests,test,renovate/23_2-pin-dependencies,failure,Run npm install,https://github.com/DevExpress/DevExtreme/actions/runs/6223415853/job/16889330071
"18.09.23, 13:40:56",16889203394,6223379100,1,DevExtreme React Tests,test,renovate/23_2-pin-dependencies,failure,Run npm install,https://github.com/DevExpress/DevExtreme/actions/runs/6223379100/job/16889203394
"18.09.23, 10:57:32",16883788653,6221568762,1,DevExtreme React Tests,test,Charts_types_23_2,failure,Generate wrappers,https://github.com/DevExpress/DevExtreme/actions/runs/6221568762/job/16883788653
"18.09.23, 10:05:06",16882281788,6221051046,1,DevExtreme React Tests,test,Charts_types_23_2,failure,Generate wrappers,https://github.com/DevExpress/DevExtreme/actions/runs/6221051046/job/16882281788
"18.09.23, 09:58:16",16882061552,6220971044,1,DevExtreme React Tests,test,renovate/23_2-pin-dependencies,failure,Run npm install,https://github.com/DevExpress/DevExtreme/actions/runs/6220971044/job/16882061552
"18.09.23, 06:54:52",16876789332,6219180961,1,DevExtreme React Tests,test,renovate/23_2-pin-dependencies,failure,Run npm install,https://github.com/DevExpress/DevExtreme/actions/runs/6219180961/job/16876789332
"18.09.23, 06:54:53",16876789768,6219180989,1,DevExtreme React Tests,test,renovate/23_2-pin-dependencies,failure,Run npm install,https://github.com/DevExpress/DevExtreme/actions/runs/6219180989/job/16876789768
"18.09.23, 02:41:44",16872883412,6217597975,1,DevExtreme React Tests,test,renovate/23_2-pin-dependencies,failure,Run npm install,https://github.com/DevExpress/DevExtreme/actions/runs/6217597975/job/16872883412
"18.09.23, 15:03:47",16892448110,6224377161,1,DevExtreme Vue Tests,test,renovate/23_2-pin-dependencies,failure,Install npm packages,https://github.com/DevExpress/DevExtreme/actions/runs/6224377161/job/16892448110
"18.09.23, 13:44:22",16889330180,6223415843,1,DevExtreme Vue Tests,test,renovate/23_2-pin-dependencies,failure,Install npm packages,https://github.com/DevExpress/DevExtreme/actions/runs/6223415843/job/16889330180
"18.09.23, 13:40:56",16889203348,6223379082,1,DevExtreme Vue Tests,test,renovate/23_2-pin-dependencies,failure,Install npm packages,https://github.com/DevExpress/DevExtreme/actions/runs/6223379082/job/16889203348
"18.09.23, 10:57:31",16883788526,6221568763,1,DevExtreme Vue Tests,test,Charts_types_23_2,failure,Build devextreme package,https://github.com/DevExpress/DevExtreme/actions/runs/6221568763/job/16883788526
"18.09.23, 10:05:06",16882281784,6221051060,1,DevExtreme Vue Tests,test,Charts_types_23_2,failure,Build devextreme package,https://github.com/DevExpress/DevExtreme/actions/runs/6221051060/job/16882281784
"18.09.23, 09:58:16",16882061626,6220971041,1,DevExtreme Vue Tests,test,renovate/23_2-pin-dependencies,failure,Install npm packages,https://github.com/DevExpress/DevExtreme/actions/runs/6220971041/job/16882061626
"18.09.23, 06:54:52",16876789337,6219180952,1,DevExtreme Vue Tests,test,renovate/23_2-pin-dependencies,failure,Install npm packages,https://github.com/DevExpress/DevExtreme/actions/runs/6219180952/job/16876789337
"18.09.23, 06:54:54",16876789774,6219180990,1,DevExtreme Vue Tests,test,renovate/23_2-pin-dependencies,failure,Install npm packages,https://github.com/DevExpress/DevExtreme/actions/runs/6219180990/job/16876789774
"18.09.23, 02:41:44",16872883473,6217597982,1,DevExtreme Vue Tests,test,renovate/23_2-pin-dependencies,failure,Install npm packages,https://github.com/DevExpress/DevExtreme/actions/runs/6217597982/job/16872883473
"18.09.23, 19:32:07",16901140184,6227141494,1,Lint,component_exports,scheduler_feature_views_and_appts,cancelled,Use Node.js,https://github.com/DevExpress/DevExtreme/actions/runs/6227141494/job/16901140184
"18.09.23, 19:32:07",16901140488,6227141494,1,Lint,CSS,scheduler_feature_views_and_appts,cancelled,Use Node.js,https://github.com/DevExpress/DevExtreme/actions/runs/6227141494/job/16901140488
"18.09.23, 19:32:08",16901140852,6227141494,1,Lint,package_lock,scheduler_feature_views_and_appts,cancelled,Use Node.js,https://github.com/DevExpress/DevExtreme/actions/runs/6227141494/job/16901140852
"18.09.23, 19:32:09",16901141168,6227141494,1,Lint,JS,scheduler_feature_views_and_appts,cancelled,Use Node.js,https://github.com/DevExpress/DevExtreme/actions/runs/6227141494/job/16901141168
"18.09.23, 19:32:09",16901141448,6227141494,1,Lint,Renovation,scheduler_feature_views_and_appts,cancelled,Use Node.js,https://github.com/DevExpress/DevExtreme/actions/runs/6227141494/job/16901141448
"18.09.23, 19:32:10",16901141781,6227141494,1,Lint,texts,scheduler_feature_views_and_appts,cancelled,Use Node.js,https://github.com/DevExpress/DevExtreme/actions/runs/6227141494/job/16901141781
"18.09.23, 19:32:10",16901142116,6227141494,1,Lint,TS,scheduler_feature_views_and_appts,cancelled,Use Node.js,https://github.com/DevExpress/DevExtreme/actions/runs/6227141494/job/16901142116
"18.09.23, 19:36:27",16901267753,6227141494,1,Lint,Send notifications,scheduler_feature_views_and_appts,cancelled,,https://github.com/DevExpress/DevExtreme/actions/runs/6227141494/job/16901267753
"18.09.23, 18:01:07",16898369293,6226241068,1,Lint,Renovation,scheduler_feature_views_and_appts,cancelled,Lint renovation,https://github.com/DevExpress/DevExtreme/actions/runs/6226241068/job/16898369293
"18.09.23, 18:01:08",16898369796,6226241068,1,Lint,TS,scheduler_feature_views_and_appts,cancelled,Build,https://github.com/DevExpress/DevExtreme/actions/runs/6226241068/job/16898369796
"18.09.23, 18:01:11",16898371364,6226241068,1,Lint,JS,scheduler_feature_views_and_appts,cancelled,Build,https://github.com/DevExpress/DevExtreme/actions/runs/6226241068/job/16898371364
"18.09.23, 18:03:31",16898453162,6226241068,1,Lint,Send notifications,scheduler_feature_views_and_appts,cancelled,,https://github.com/DevExpress/DevExtreme/actions/runs/6226241068/job/16898453162
"18.09.23, 15:03:50",16892450150,6224377166,1,Lint,component_exports,renovate/23_2-pin-dependencies,failure,Install dependencies,https://github.com/DevExpress/DevExtreme/actions/runs/6224377166/job/16892450150
"18.09.23, 15:03:51",16892451114,6224377166,1,Lint,CSS,renovate/23_2-pin-dependencies,failure,Run npm install,https://github.com/DevExpress/DevExtreme/actions/runs/6224377166/job/16892451114
"18.09.23, 15:03:52",16892451691,6224377166,1,Lint,JS,renovate/23_2-pin-dependencies,failure,Run npm install,https://github.com/DevExpress/DevExtreme/actions/runs/6224377166/job/16892451691
"18.09.23, 15:03:53",16892452080,6224377166,1,Lint,package_lock,renovate/23_2-pin-dependencies,failure,Check package-lock,https://github.com/DevExpress/DevExtreme/actions/runs/6224377166/job/16892452080
"18.09.23, 15:03:54",16892452691,6224377166,1,Lint,Renovation,renovate/23_2-pin-dependencies,failure,Run npm install,https://github.com/DevExpress/DevExtreme/actions/runs/6224377166/job/16892452691
"18.09.23, 15:03:56",16892453953,6224377166,1,Lint,texts,renovate/23_2-pin-dependencies,failure,Run npm install,https://github.com/DevExpress/DevExtreme/actions/runs/6224377166/job/16892453953
"18.09.23, 15:03:56",16892454289,6224377166,1,Lint,TS,renovate/23_2-pin-dependencies,failure,Run npm install,https://github.com/DevExpress/DevExtreme/actions/runs/6224377166/job/16892454289
"18.09.23, 13:44:24",16889331853,6223415845,1,Lint,JS,renovate/23_2-pin-dependencies,failure,Run npm install,https://github.com/DevExpress/DevExtreme/actions/runs/6223415845/job/16889331853
"18.09.23, 13:44:26",16889332656,6223415845,1,Lint,CSS,renovate/23_2-pin-dependencies,failure,Run npm install,https://github.com/DevExpress/DevExtreme/actions/runs/6223415845/job/16889332656
"18.09.23, 13:44:27",16889333281,6223415845,1,Lint,Renovation,renovate/23_2-pin-dependencies,failure,Run npm install,https://github.com/DevExpress/DevExtreme/actions/runs/6223415845/job/16889333281
"18.09.23, 13:44:28",16889333911,6223415845,1,Lint,texts,renovate/23_2-pin-dependencies,failure,Run npm install,https://github.com/DevExpress/DevExtreme/actions/runs/6223415845/job/16889333911
"18.09.23, 13:44:30",16889335078,6223415845,1,Lint,TS,renovate/23_2-pin-dependencies,failure,Run npm install,https://github.com/DevExpress/DevExtreme/actions/runs/6223415845/job/16889335078
"18.09.23, 13:44:30",16889335389,6223415845,1,Lint,component_exports,renovate/23_2-pin-dependencies,failure,Install dependencies,https://github.com/DevExpress/DevExtreme/actions/runs/6223415845/job/16889335389
"18.09.23, 13:44:31",16889335858,6223415845,1,Lint,package_lock,renovate/23_2-pin-dependencies,failure,Check package-lock,https://github.com/DevExpress/DevExtreme/actions/runs/6223415845/job/16889335858
"18.09.23, 13:40:58",16889204336,6223379108,1,Lint,JS,renovate/23_2-pin-dependencies,failure,Run npm install,https://github.com/DevExpress/DevExtreme/actions/runs/6223379108/job/16889204336
"18.09.23, 13:40:59",16889205094,6223379108,1,Lint,CSS,renovate/23_2-pin-dependencies,failure,Run npm install,https://github.com/DevExpress/DevExtreme/actions/runs/6223379108/job/16889205094
"18.09.23, 13:41:00",16889205513,6223379108,1,Lint,component_exports,renovate/23_2-pin-dependencies,failure,Install dependencies,https://github.com/DevExpress/DevExtreme/actions/runs/6223379108/job/16889205513
"18.09.23, 13:41:00",16889205964,6223379108,1,Lint,package_lock,renovate/23_2-pin-dependencies,failure,Check package-lock,https://github.com/DevExpress/DevExtreme/actions/runs/6223379108/job/16889205964
"18.09.23, 13:41:02",16889207191,6223379108,1,Lint,Renovation,renovate/23_2-pin-dependencies,failure,Run npm install,https://github.com/DevExpress/DevExtreme/actions/runs/6223379108/job/16889207191
"18.09.23, 13:41:03",16889207501,6223379108,1,Lint,TS,renovate/23_2-pin-dependencies,failure,Run npm install,https://github.com/DevExpress/DevExtreme/actions/runs/6223379108/job/16889207501
"18.09.23, 13:41:04",16889207848,6223379108,1,Lint,texts,renovate/23_2-pin-dependencies,failure,Run npm install,https://github.com/DevExpress/DevExtreme/actions/runs/6223379108/job/16889207848
"18.09.23, 12:19:57",16886265280,6222399867,1,Lint,TS,23_2_placeholders_a11y,cancelled,Build,https://github.com/DevExpress/DevExtreme/actions/runs/6222399867/job/16886265280
"18.09.23, 12:19:59",16886266539,6222399867,1,Lint,JS,23_2_placeholders_a11y,cancelled,Build,https://github.com/DevExpress/DevExtreme/actions/runs/6222399867/job/16886266539
"18.09.23, 12:25:05",16886438418,6222399867,1,Lint,Send notifications,23_2_placeholders_a11y,cancelled,,https://github.com/DevExpress/DevExtreme/actions/runs/6222399867/job/16886438418
"18.09.23, 10:57:34",16883789681,6221568760,1,Lint,JS,Charts_types_23_2,failure,Build,https://github.com/DevExpress/DevExtreme/actions/runs/6221568760/job/16883789681
"18.09.23, 10:57:36",16883790461,6221568760,1,Lint,TS,Charts_types_23_2,failure,Build,https://github.com/DevExpress/DevExtreme/actions/runs/6221568760/job/16883790461
"18.09.23, 10:05:09",16882283416,6221051063,1,Lint,JS,Charts_types_23_2,failure,Build,https://github.com/DevExpress/DevExtreme/actions/runs/6221051063/job/16882283416
"18.09.23, 10:05:11",16882284480,6221051063,1,Lint,TS,Charts_types_23_2,failure,Build,https://github.com/DevExpress/DevExtreme/actions/runs/6221051063/job/16882284480
"18.09.23, 09:58:17",16882062229,6220971049,1,Lint,component_exports,renovate/23_2-pin-dependencies,failure,Install dependencies,https://github.com/DevExpress/DevExtreme/actions/runs/6220971049/job/16882062229
"18.09.23, 09:58:18",16882062801,6220971049,1,Lint,CSS,renovate/23_2-pin-dependencies,failure,Run npm install,https://github.com/DevExpress/DevExtreme/actions/runs/6220971049/job/16882062801
"18.09.23, 09:58:19",16882063059,6220971049,1,Lint,JS,renovate/23_2-pin-dependencies,failure,Run npm install,https://github.com/DevExpress/DevExtreme/actions/runs/6220971049/job/16882063059
"18.09.23, 09:58:19",16882063261,6220971049,1,Lint,package_lock,renovate/23_2-pin-dependencies,failure,Check package-lock,https://github.com/DevExpress/DevExtreme/actions/runs/6220971049/job/16882063261
"18.09.23, 09:58:19",16882063437,6220971049,1,Lint,Renovation,renovate/23_2-pin-dependencies,failure,Run npm install,https://github.com/DevExpress/DevExtreme/actions/runs/6220971049/job/16882063437
"18.09.23, 09:58:20",16882063618,6220971049,1,Lint,texts,renovate/23_2-pin-dependencies,failure,Run npm install,https://github.com/DevExpress/DevExtreme/actions/runs/6220971049/job/16882063618
"18.09.23, 09:58:20",16882063844,6220971049,1,Lint,TS,renovate/23_2-pin-dependencies,failure,Run npm install,https://github.com/DevExpress/DevExtreme/actions/runs/6220971049/job/16882063844
"18.09.23, 09:49:51",16881822941,6220895686,1,Lint,JS,feature/license-check,failure,Lint JS,https://github.com/DevExpress/DevExtreme/actions/runs/6220895686/job/16881822941
"18.09.23, 09:49:53",16881823905,6220895686,1,Lint,TS,feature/license-check,cancelled,Lint .d.ts,https://github.com/DevExpress/DevExtreme/actions/runs/6220895686/job/16881823905
"18.09.23, 06:54:56",16876790782,6219180999,1,Lint,component_exports,renovate/23_2-pin-dependencies,failure,Install dependencies,https://github.com/DevExpress/DevExtreme/actions/runs/6219180999/job/16876790782
"18.09.23, 06:54:58",16876791140,6219180999,1,Lint,CSS,renovate/23_2-pin-dependencies,failure,Run npm install,https://github.com/DevExpress/DevExtreme/actions/runs/6219180999/job/16876791140
"18.09.23, 06:54:59",16876791449,6219180999,1,Lint,JS,renovate/23_2-pin-dependencies,failure,Run npm install,https://github.com/DevExpress/DevExtreme/actions/runs/6219180999/job/16876791449
"18.09.23, 06:55:00",16876791782,6219180999,1,Lint,package_lock,renovate/23_2-pin-dependencies,failure,Check package-lock,https://github.com/DevExpress/DevExtreme/actions/runs/6219180999/job/16876791782
"18.09.23, 06:55:00",16876791975,6219180999,1,Lint,Renovation,renovate/23_2-pin-dependencies,failure,Run npm install,https://github.com/DevExpress/DevExtreme/actions/runs/6219180999/job/16876791975
"18.09.23, 06:55:01",16876792166,6219180999,1,Lint,texts,renovate/23_2-pin-dependencies,failure,Run npm install,https://github.com/DevExpress/DevExtreme/actions/runs/6219180999/job/16876792166
"18.09.23, 06:55:02",16876792568,6219180999,1,Lint,TS,renovate/23_2-pin-dependencies,failure,Run npm install,https://github.com/DevExpress/DevExtreme/actions/runs/6219180999/job/16876792568
"18.09.23, 02:41:45",16872883700,6217597969,1,Lint,Renovation,renovate/23_2-pin-dependencies,failure,Run npm install,https://github.com/DevExpress/DevExtreme/actions/runs/6217597969/job/16872883700
"18.09.23, 02:41:46",16872883969,6217597969,1,Lint,TS,renovate/23_2-pin-dependencies,failure,Run npm install,https://github.com/DevExpress/DevExtreme/actions/runs/6217597969/job/16872883969
"18.09.23, 02:41:47",16872884099,6217597969,1,Lint,JS,renovate/23_2-pin-dependencies,failure,Run npm install,https://github.com/DevExpress/DevExtreme/actions/runs/6217597969/job/16872884099
"18.09.23, 02:41:48",16872884388,6217597969,1,Lint,texts,renovate/23_2-pin-dependencies,failure,Run npm install,https://github.com/DevExpress/DevExtreme/actions/runs/6217597969/job/16872884388
"18.09.23, 02:41:49",16872884458,6217597969,1,Lint,CSS,renovate/23_2-pin-dependencies,failure,Run npm install,https://github.com/DevExpress/DevExtreme/actions/runs/6217597969/job/16872884458
"18.09.23, 02:41:49",16872884548,6217597969,1,Lint,package_lock,renovate/23_2-pin-dependencies,failure,Check package-lock,https://github.com/DevExpress/DevExtreme/actions/runs/6217597969/job/16872884548
"18.09.23, 02:41:50",16872884602,6217597969,1,Lint,component_exports,renovate/23_2-pin-dependencies,failure,Install dependencies,https://github.com/DevExpress/DevExtreme/actions/runs/6217597969/job/16872884602
"18.09.23, 19:32:05",16901139227,6227141474,1,Paths length check,checks,scheduler_feature_views_and_appts,cancelled,Get changed files,https://github.com/DevExpress/DevExtreme/actions/runs/6227141474/job/16901139227
"18.09.23, 19:36:24",16901266297,6227141474,1,Paths length check,Send notifications,scheduler_feature_views_and_appts,cancelled,,https://github.com/DevExpress/DevExtreme/actions/runs/6227141474/job/16901266297
"18.09.23, 19:32:05",16901139256,6227141466,1,Additional QUnit,Build,scheduler_feature_views_and_appts,cancelled,Use Node.js,https://github.com/DevExpress/DevExtreme/actions/runs/6227141466/job/16901139256
"18.09.23, 19:36:26",16901267423,6227141466,1,Additional QUnit,${{ matrix.constel }}-firefox,scheduler_feature_views_and_appts,cancelled,,https://github.com/DevExpress/DevExtreme/actions/runs/6227141466/job/16901267423
"18.09.23, 19:36:27",16901267747,6227141466,1,Additional QUnit,${{ matrix.constel }}-${{ matrix.kind }},scheduler_feature_views_and_appts,cancelled,,https://github.com/DevExpress/DevExtreme/actions/runs/6227141466/job/16901267747
"18.09.23, 19:36:28",16901268166,6227141466,1,Additional QUnit,${{ matrix.constel }}-no-csp,scheduler_feature_views_and_appts,cancelled,,https://github.com/DevExpress/DevExtreme/actions/runs/6227141466/job/16901268166
"18.09.23, 19:36:29",16901268554,6227141466,1,Additional QUnit,Performance,scheduler_feature_views_and_appts,cancelled,,https://github.com/DevExpress/DevExtreme/actions/runs/6227141466/job/16901268554
"18.09.23, 19:36:29",16901268802,6227141466,1,Additional QUnit,${{ matrix.constel }}-${{ matrix.timezone }},scheduler_feature_views_and_appts,cancelled,,https://github.com/DevExpress/DevExtreme/actions/runs/6227141466/job/16901268802
"18.09.23, 19:36:30",16901269118,6227141466,1,Additional QUnit,Send notifications,scheduler_feature_views_and_appts,cancelled,,https://github.com/DevExpress/DevExtreme/actions/runs/6227141466/job/16901269118
"18.09.23, 18:01:08",16898370097,6226241073,1,Additional QUnit,Build,scheduler_feature_views_and_appts,cancelled,Build,https://github.com/DevExpress/DevExtreme/actions/runs/6226241073/job/16898370097
"18.09.23, 18:03:29",16898451883,6226241073,1,Additional QUnit,${{ matrix.constel }}-firefox,scheduler_feature_views_and_appts,cancelled,,https://github.com/DevExpress/DevExtreme/actions/runs/6226241073/job/16898451883
"18.09.23, 18:03:29",16898452288,6226241073,1,Additional QUnit,${{ matrix.constel }}-${{ matrix.kind }},scheduler_feature_views_and_appts,cancelled,,https://github.com/DevExpress/DevExtreme/actions/runs/6226241073/job/16898452288
"18.09.23, 18:03:30",16898452665,6226241073,1,Additional QUnit,Performance,scheduler_feature_views_and_appts,cancelled,,https://github.com/DevExpress/DevExtreme/actions/runs/6226241073/job/16898452665
"18.09.23, 18:03:31",16898453124,6226241073,1,Additional QUnit,${{ matrix.constel }}-${{ matrix.timezone }},scheduler_feature_views_and_appts,cancelled,,https://github.com/DevExpress/DevExtreme/actions/runs/6226241073/job/16898453124
"18.09.23, 18:03:32",16898453602,6226241073,1,Additional QUnit,${{ matrix.constel }}-no-csp,scheduler_feature_views_and_appts,cancelled,,https://github.com/DevExpress/DevExtreme/actions/runs/6226241073/job/16898453602
"18.09.23, 18:03:33",16898454214,6226241073,1,Additional QUnit,Send notifications,scheduler_feature_views_and_appts,cancelled,,https://github.com/DevExpress/DevExtreme/actions/runs/6226241073/job/16898454214
"18.09.23, 17:16:21",16897035386,6225729684,1,Additional QUnit,ui.scheduler(3/3)-firefox,scheduler_feature_views_and_appts,failure,Run QUnit tests,https://github.com/DevExpress/DevExtreme/actions/runs/6225729684/job/16897035386
"18.09.23, 17:16:42",16897046363,6225729684,1,Additional QUnit,ui.scheduler(3/3)-ios10,scheduler_feature_views_and_appts,failure,Run QUnit tests,https://github.com/DevExpress/DevExtreme/actions/runs/6225729684/job/16897046363
"18.09.23, 17:16:43",16897046814,6225729684,1,Additional QUnit,ui.scheduler(3/3)-android6,scheduler_feature_views_and_appts,failure,Run QUnit tests,https://github.com/DevExpress/DevExtreme/actions/runs/6225729684/job/16897046814
"18.09.23, 17:16:45",16897048125,6225729684,1,Additional QUnit,ui.scheduler(3/3)-PST8PDT,scheduler_feature_views_and_appts,failure,Run QUnit tests,https://github.com/DevExpress/DevExtreme/actions/runs/6225729684/job/16897048125
"18.09.23, 17:16:46",16897048337,6225729684,1,Additional QUnit,ui.scheduler(3/3)-Japan,scheduler_feature_views_and_appts,failure,Run QUnit tests,https://github.com/DevExpress/DevExtreme/actions/runs/6225729684/job/16897048337
"18.09.23, 17:16:46",16897048573,6225729684,1,Additional QUnit,ui.scheduler(3/3)-Australia/ACT,scheduler_feature_views_and_appts,failure,Run QUnit tests,https://github.com/DevExpress/DevExtreme/actions/runs/6225729684/job/16897048573
"18.09.23, 17:16:47",16897048793,6225729684,1,Additional QUnit,ui.scheduler(3/3)-Europe/London,scheduler_feature_views_and_appts,failure,Run QUnit tests,https://github.com/DevExpress/DevExtreme/actions/runs/6225729684/job/16897048793
"18.09.23, 15:49:30",16894156980,6224844342,1,Additional QUnit,ui.scheduler(2/3)-firefox,scheduler_feature_views_and_appts,failure,Run QUnit tests,https://github.com/DevExpress/DevExtreme/actions/runs/6224844342/job/16894156980
"18.09.23, 15:49:31",16894157934,6224844342,1,Additional QUnit,ui.scheduler(3/3)-firefox,scheduler_feature_views_and_appts,failure,Run QUnit tests,https://github.com/DevExpress/DevExtreme/actions/runs/6224844342/job/16894157934
"18.09.23, 15:49:51",16894169405,6224844342,1,Additional QUnit,ui.scheduler(2/3)-PST8PDT,scheduler_feature_views_and_appts,failure,Run QUnit tests,https://github.com/DevExpress/DevExtreme/actions/runs/6224844342/job/16894169405
"18.09.23, 15:49:52",16894169657,6224844342,1,Additional QUnit,ui.scheduler(3/3)-ios10,scheduler_feature_views_and_appts,failure,Run QUnit tests,https://github.com/DevExpress/DevExtreme/actions/runs/6224844342/job/16894169657
"18.09.23, 15:49:52",16894169942,6224844342,1,Additional QUnit,ui.scheduler(2/3)-Japan,scheduler_feature_views_and_appts,failure,Run QUnit tests,https://github.com/DevExpress/DevExtreme/actions/runs/6224844342/job/16894169942
"18.09.23, 15:49:52",16894170234,6224844342,1,Additional QUnit,ui.scheduler(3/3)-android6,scheduler_feature_views_and_appts,failure,Run QUnit tests,https://github.com/DevExpress/DevExtreme/actions/runs/6224844342/job/16894170234
"18.09.23, 15:49:53",16894170511,6224844342,1,Additional QUnit,ui.scheduler(2/3)-Australia/ACT,scheduler_feature_views_and_appts,failure,Run QUnit tests,https://github.com/DevExpress/DevExtreme/actions/runs/6224844342/job/16894170511
"18.09.23, 15:49:54",16894171037,6224844342,1,Additional QUnit,ui.scheduler(2/3)-Europe/London,scheduler_feature_views_and_appts,failure,Run QUnit tests,https://github.com/DevExpress/DevExtreme/actions/runs/6224844342/job/16894171037
"18.09.23, 15:49:54",16894171321,6224844342,1,Additional QUnit,ui.scheduler(3/3)-PST8PDT,scheduler_feature_views_and_appts,failure,Run QUnit tests,https://github.com/DevExpress/DevExtreme/actions/runs/6224844342/job/16894171321
"18.09.23, 15:49:55",16894171587,6224844342,1,Additional QUnit,ui.scheduler(3/3)-Japan,scheduler_feature_views_and_appts,failure,Run QUnit tests,https://github.com/DevExpress/DevExtreme/actions/runs/6224844342/job/16894171587
"18.09.23, 15:49:56",16894172136,6224844342,1,Additional QUnit,ui.scheduler(3/3)-Australia/ACT,scheduler_feature_views_and_appts,failure,Run QUnit tests,https://github.com/DevExpress/DevExtreme/actions/runs/6224844342/job/16894172136
"18.09.23, 15:49:56",16894172425,6224844342,1,Additional QUnit,ui.scheduler(3/3)-Europe/London,scheduler_feature_views_and_appts,failure,Run QUnit tests,https://github.com/DevExpress/DevExtreme/actions/runs/6224844342/job/16894172425
"18.09.23, 15:03:49",16892449749,6224377171,1,Additional QUnit,Build,renovate/23_2-pin-dependencies,failure,Run npm install,https://github.com/DevExpress/DevExtreme/actions/runs/6224377171/job/16892449749
"18.09.23, 13:59:30",16889894145,6223524196,1,Additional QUnit,ui-ios10,23_2fluent_accordion,failure,Run QUnit tests,https://github.com/DevExpress/DevExtreme/actions/runs/6223524196/job/16889894145
"18.09.23, 13:59:35",16889897190,6223524196,1,Additional QUnit,ui-android6,23_2fluent_accordion,failure,Run QUnit tests,https://github.com/DevExpress/DevExtreme/actions/runs/6223524196/job/16889897190
"18.09.23, 13:59:39",16889900061,6223524196,1,Additional QUnit,ui-firefox,23_2fluent_accordion,failure,Run QUnit tests,https://github.com/DevExpress/DevExtreme/actions/runs/6223524196/job/16889900061
"18.09.23, 13:59:42",16889901720,6223524196,1,Additional QUnit,ui.widgets(2/3)-shadow-dom,23_2fluent_accordion,failure,Run QUnit tests,https://github.com/DevExpress/DevExtreme/actions/runs/6223524196/job/16889901720
"18.09.23, 13:59:44",16889903003,6223524196,1,Additional QUnit,ui.widgets(2/3)-ios10,23_2fluent_accordion,failure,Run QUnit tests,https://github.com/DevExpress/DevExtreme/actions/runs/6223524196/job/16889903003
"18.09.23, 13:59:46",16889904081,6223524196,1,Additional QUnit,ui.widgets(2/3)-android6,23_2fluent_accordion,failure,Run QUnit tests,https://github.com/DevExpress/DevExtreme/actions/runs/6223524196/job/16889904081
"18.09.23, 13:59:47",16889904798,6223524196,1,Additional QUnit,ui.widgets(3/3)-shadow-dom,23_2fluent_accordion,failure,Run QUnit tests,https://github.com/DevExpress/DevExtreme/actions/runs/6223524196/job/16889904798
"18.09.23, 13:59:48",16889905727,6223524196,1,Additional QUnit,ui.widgets(3/3)-ios10,23_2fluent_accordion,failure,Run QUnit tests,https://github.com/DevExpress/DevExtreme/actions/runs/6223524196/job/16889905727
"18.09.23, 13:59:50",16889906663,6223524196,1,Additional QUnit,ui.widgets(3/3)-android6,23_2fluent_accordion,failure,Run QUnit tests,https://github.com/DevExpress/DevExtreme/actions/runs/6223524196/job/16889906663
"18.09.23, 13:44:26",16889332657,6223415839,1,Additional QUnit,Build,renovate/23_2-pin-dependencies,failure,Run npm install,https://github.com/DevExpress/DevExtreme/actions/runs/6223415839/job/16889332657
"18.09.23, 13:40:57",16889204083,6223379084,1,Additional QUnit,Build,renovate/23_2-pin-dependencies,failure,Run npm install,https://github.com/DevExpress/DevExtreme/actions/runs/6223379084/job/16889204083
"18.09.23, 12:30:11",16886615403,6222455792,1,Additional QUnit,ui.editors(2/2)-firefox,23_2_placeholders_a11y,failure,Run QUnit tests,https://github.com/DevExpress/DevExtreme/actions/runs/6222455792/job/16886615403
"18.09.23, 12:30:25",16886624228,6222455792,1,Additional QUnit,ui.editors(2/2)-PST8PDT,23_2_placeholders_a11y,failure,Run QUnit tests,https://github.com/DevExpress/DevExtreme/actions/runs/6222455792/job/16886624228
"18.09.23, 12:30:27",16886625025,6222455792,1,Additional QUnit,ui.editors(2/2)-Japan,23_2_placeholders_a11y,failure,Run QUnit tests,https://github.com/DevExpress/DevExtreme/actions/runs/6222455792/job/16886625025
"18.09.23, 12:30:28",16886625551,6222455792,1,Additional QUnit,ui.editors(2/2)-Australia/ACT,23_2_placeholders_a11y,failure,Run QUnit tests,https://github.com/DevExpress/DevExtreme/actions/runs/6222455792/job/16886625551
"18.09.23, 12:30:29",16886626171,6222455792,1,Additional QUnit,ui.editors(2/2)-Europe/London,23_2_placeholders_a11y,failure,Run QUnit tests,https://github.com/DevExpress/DevExtreme/actions/runs/6222455792/job/16886626171
"18.09.23, 12:30:29",16886626435,6222455792,1,Additional QUnit,ui.editors(2/2)-shadow-dom,23_2_placeholders_a11y,failure,Run QUnit tests,https://github.com/DevExpress/DevExtreme/actions/runs/6222455792/job/16886626435
"18.09.23, 12:19:55",16886264631,6222399855,1,Additional QUnit,Build,23_2_placeholders_a11y,cancelled,Build,https://github.com/DevExpress/DevExtreme/actions/runs/6222399855/job/16886264631
"18.09.23, 12:25:06",16886438634,6222399855,1,Additional QUnit,${{ matrix.constel }}-firefox,23_2_placeholders_a11y,cancelled,,https://github.com/DevExpress/DevExtreme/actions/runs/6222399855/job/16886438634
"18.09.23, 12:25:06",16886438975,6222399855,1,Additional QUnit,${{ matrix.constel }}-${{ matrix.kind }},23_2_placeholders_a11y,cancelled,,https://github.com/DevExpress/DevExtreme/actions/runs/6222399855/job/16886438975
"18.09.23, 12:25:07",16886439348,6222399855,1,Additional QUnit,${{ matrix.constel }}-no-csp,23_2_placeholders_a11y,cancelled,,https://github.com/DevExpress/DevExtreme/actions/runs/6222399855/job/16886439348
"18.09.23, 12:25:08",16886439935,6222399855,1,Additional QUnit,Performance,23_2_placeholders_a11y,cancelled,,https://github.com/DevExpress/DevExtreme/actions/runs/6222399855/job/16886439935
"18.09.23, 12:25:08",16886440253,6222399855,1,Additional QUnit,${{ matrix.constel }}-${{ matrix.timezone }},23_2_placeholders_a11y,cancelled,,https://github.com/DevExpress/DevExtreme/actions/runs/6222399855/job/16886440253
"18.09.23, 12:25:09",16886440658,6222399855,1,Additional QUnit,Send notifications,23_2_placeholders_a11y,cancelled,,https://github.com/DevExpress/DevExtreme/actions/runs/6222399855/job/16886440658
"18.09.23, 11:04:24",16883995313,6221568757,1,Additional QUnit,ui.editors(2/2)-Europe/London,Charts_types_23_2,failure,Post Run QUnit tests,https://github.com/DevExpress/DevExtreme/actions/runs/6221568757/job/16883995313
"18.09.23, 09:58:18",16882062601,6220971052,1,Additional QUnit,Build,renovate/23_2-pin-dependencies,failure,Run npm install,https://github.com/DevExpress/DevExtreme/actions/runs/6220971052/job/16882062601
"18.09.23, 09:56:01",16881999214,6220895594,1,Additional QUnit,misc-firefox,feature/license-check,cancelled,Run QUnit tests,https://github.com/DevExpress/DevExtreme/actions/runs/6220895594/job/16881999214
"18.09.23, 09:56:02",16881999614,6220895594,1,Additional QUnit,export-no-csp,feature/license-check,cancelled,Post Run QUnit tests,https://github.com/DevExpress/DevExtreme/actions/runs/6220895594/job/16881999614
"18.09.23, 09:56:16",16882006090,6220895594,1,Additional QUnit,ui.editors(1/2)-PST8PDT,feature/license-check,cancelled,Run QUnit tests,https://github.com/DevExpress/DevExtreme/actions/runs/6220895594/job/16882006090
"18.09.23, 09:56:20",16882008136,6220895594,1,Additional QUnit,ui.editors(2/2)-PST8PDT,feature/license-check,cancelled,Run QUnit tests,https://github.com/DevExpress/DevExtreme/actions/runs/6220895594/job/16882008136
"18.09.23, 09:56:21",16882008529,6220895594,1,Additional QUnit,ui.editors(2/2)-Japan,feature/license-check,cancelled,Run QUnit tests,https://github.com/DevExpress/DevExtreme/actions/runs/6220895594/job/16882008529
"18.09.23, 09:56:21",16882008997,6220895594,1,Additional QUnit,ui.editors(2/2)-Australia/ACT,feature/license-check,cancelled,Run QUnit tests,https://github.com/DevExpress/DevExtreme/actions/runs/6220895594/job/16882008997
"18.09.23, 09:56:22",16882009376,6220895594,1,Additional QUnit,ui.editors(2/2)-Europe/London,feature/license-check,cancelled,Run QUnit tests,https://github.com/DevExpress/DevExtreme/actions/runs/6220895594/job/16882009376
"18.09.23, 09:56:24",16882010279,6220895594,1,Additional QUnit,ui.grid(1/2)-Japan,feature/license-check,cancelled,Run QUnit tests,https://github.com/DevExpress/DevExtreme/actions/runs/6220895594/job/16882010279
"18.09.23, 09:56:25",16882010776,6220895594,1,Additional QUnit,ui.grid(1/2)-Australia/ACT,feature/license-check,cancelled,Run QUnit tests,https://github.com/DevExpress/DevExtreme/actions/runs/6220895594/job/16882010776
"18.09.23, 09:56:26",16882011233,6220895594,1,Additional QUnit,ui.grid(1/2)-Europe/London,feature/license-check,cancelled,Run QUnit tests,https://github.com/DevExpress/DevExtreme/actions/runs/6220895594/job/16882011233
"18.09.23, 10:03:16",16882219468,6220895594,1,Additional QUnit,Send notifications,feature/license-check,cancelled,,https://github.com/DevExpress/DevExtreme/actions/runs/6220895594/job/16882219468
"18.09.23, 06:54:55",16876790390,6219180988,1,Additional QUnit,Build,renovate/23_2-pin-dependencies,failure,Run npm install,https://github.com/DevExpress/DevExtreme/actions/runs/6219180988/job/16876790390
"18.09.23, 02:41:45",16872883758,6217597974,1,Additional QUnit,Build,renovate/23_2-pin-dependencies,failure,Run npm install,https://github.com/DevExpress/DevExtreme/actions/runs/6217597974/job/16872883758
"18.09.23, 19:32:06",16901139692,6227141477,1,QUnit tests for renovation,Build,scheduler_feature_views_and_appts,cancelled,Use Node.js,https://github.com/DevExpress/DevExtreme/actions/runs/6227141477/job/16901139692
"18.09.23, 19:36:27",16901267762,6227141477,1,QUnit tests for renovation,Constel ${{ matrix.CONSTEL }},scheduler_feature_views_and_appts,cancelled,,https://github.com/DevExpress/DevExtreme/actions/runs/6227141477/job/16901267762
"18.09.23, 19:36:29",16901268541,6227141477,1,QUnit tests for renovation,Send notifications,scheduler_feature_views_and_appts,cancelled,,https://github.com/DevExpress/DevExtreme/actions/runs/6227141477/job/16901268541
"18.09.23, 18:01:08",16898370111,6226241084,1,QUnit tests for renovation,Build,scheduler_feature_views_and_appts,cancelled,Build,https://github.com/DevExpress/DevExtreme/actions/runs/6226241084/job/16898370111
"18.09.23, 18:03:30",16898452806,6226241084,1,QUnit tests for renovation,Constel ${{ matrix.CONSTEL }},scheduler_feature_views_and_appts,cancelled,,https://github.com/DevExpress/DevExtreme/actions/runs/6226241084/job/16898452806
"18.09.23, 18:03:32",16898453611,6226241084,1,QUnit tests for renovation,Send notifications,scheduler_feature_views_and_appts,cancelled,,https://github.com/DevExpress/DevExtreme/actions/runs/6226241084/job/16898453611
"18.09.23, 17:14:23",16896972449,6225729664,1,QUnit tests for renovation,Constel ui.scheduler(2/2),scheduler_feature_views_and_appts,failure,Run QUnit tests,https://github.com/DevExpress/DevExtreme/actions/runs/6225729664/job/16896972449
"18.09.23, 15:47:55",16894103228,6224844350,1,QUnit tests for renovation,Constel ui.scheduler(2/2),scheduler_feature_views_and_appts,failure,Run QUnit tests,https://github.com/DevExpress/DevExtreme/actions/runs/6224844350/job/16894103228
"18.09.23, 15:03:50",16892450439,6224377162,1,QUnit tests for renovation,Build,renovate/23_2-pin-dependencies,failure,Run npm install,https://github.com/DevExpress/DevExtreme/actions/runs/6224377162/job/16892450439
"18.09.23, 14:00:55",16889952559,6223524207,1,QUnit tests for renovation,Constel ui,23_2fluent_accordion,failure,Run QUnit tests,https://github.com/DevExpress/DevExtreme/actions/runs/6223524207/job/16889952559
"18.09.23, 14:00:56",16889953239,6223524207,1,QUnit tests for renovation,Constel ui.widgets(2/2),23_2fluent_accordion,failure,Run QUnit tests,https://github.com/DevExpress/DevExtreme/actions/runs/6223524207/job/16889953239
"18.09.23, 13:44:23",16889331268,6223415847,1,QUnit tests for renovation,Build,renovate/23_2-pin-dependencies,failure,Run npm install,https://github.com/DevExpress/DevExtreme/actions/runs/6223415847/job/16889331268
"18.09.23, 13:40:58",16889204305,6223379090,1,QUnit tests for renovation,Build,renovate/23_2-pin-dependencies,failure,Run npm install,https://github.com/DevExpress/DevExtreme/actions/runs/6223379090/job/16889204305
"18.09.23, 12:29:32",16886593006,6222455786,1,QUnit tests for renovation,Constel ui.editors,23_2_placeholders_a11y,failure,Run QUnit tests,https://github.com/DevExpress/DevExtreme/actions/runs/6222455786/job/16886593006
"18.09.23, 12:19:56",16886264922,6222399863,1,QUnit tests for renovation,Build,23_2_placeholders_a11y,cancelled,Build,https://github.com/DevExpress/DevExtreme/actions/runs/6222399863/job/16886264922
"18.09.23, 12:25:06",16886438859,6222399863,1,QUnit tests for renovation,Constel ${{ matrix.CONSTEL }},23_2_placeholders_a11y,cancelled,,https://github.com/DevExpress/DevExtreme/actions/runs/6222399863/job/16886438859
"18.09.23, 12:25:07",16886439313,6222399863,1,QUnit tests for renovation,Send notifications,23_2_placeholders_a11y,cancelled,,https://github.com/DevExpress/DevExtreme/actions/runs/6222399863/job/16886439313
"18.09.23, 09:58:19",16882062982,6220971204,1,QUnit tests for renovation,Build,renovate/23_2-pin-dependencies,failure,Run npm install,https://github.com/DevExpress/DevExtreme/actions/runs/6220971204/job/16882062982
"18.09.23, 09:55:24",16881982605,6220895579,1,QUnit tests for renovation,Constel ui.widgets(1/2),feature/license-check,cancelled,Run QUnit tests,https://github.com/DevExpress/DevExtreme/actions/runs/6220895579/job/16881982605
"18.09.23, 09:55:27",16881983962,6220895579,1,QUnit tests for renovation,Constel ui.grid,feature/license-check,cancelled,Post Run QUnit tests,https://github.com/DevExpress/DevExtreme/actions/runs/6220895579/job/16881983962
"18.09.23, 09:55:28",16881984148,6220895579,1,QUnit tests for renovation,Constel ui.scheduler(1/2),feature/license-check,cancelled,Run QUnit tests,https://github.com/DevExpress/DevExtreme/actions/runs/6220895579/job/16881984148
"18.09.23, 09:55:28",16881984328,6220895579,1,QUnit tests for renovation,Constel ui.scheduler(2/2),feature/license-check,cancelled,Run QUnit tests,https://github.com/DevExpress/DevExtreme/actions/runs/6220895579/job/16881984328
"18.09.23, 09:55:28",16881984521,6220895579,1,QUnit tests for renovation,Constel viz,feature/license-check,cancelled,Run QUnit tests,https://github.com/DevExpress/DevExtreme/actions/runs/6220895579/job/16881984521
"18.09.23, 10:03:14",16882218336,6220895579,1,QUnit tests for renovation,Send notifications,feature/license-check,cancelled,,https://github.com/DevExpress/DevExtreme/actions/runs/6220895579/job/16882218336
"18.09.23, 06:54:58",16876791193,6219181045,1,QUnit tests for renovation,Build,renovate/23_2-pin-dependencies,failure,Run npm install,https://github.com/DevExpress/DevExtreme/actions/runs/6219181045/job/16876791193
"18.09.23, 02:41:45",16872883785,6217597990,1,QUnit tests for renovation,Build,renovate/23_2-pin-dependencies,failure,Run npm install,https://github.com/DevExpress/DevExtreme/actions/runs/6217597990/job/16872883785
"18.09.23, 19:32:06",16901139887,6227141482,1,Renovation,jest-tests,scheduler_feature_views_and_appts,cancelled,Use Node.js,https://github.com/DevExpress/DevExtreme/actions/runs/6227141482/job/16901139887
"18.09.23, 19:36:24",16901266289,6227141482,1,Renovation,Send notifications,scheduler_feature_views_and_appts,cancelled,,https://github.com/DevExpress/DevExtreme/actions/runs/6227141482/job/16901266289
"18.09.23, 18:01:08",16898369807,6226241065,1,Renovation,jest-tests,scheduler_feature_views_and_appts,cancelled,Jest test,https://github.com/DevExpress/DevExtreme/actions/runs/6226241065/job/16898369807
"18.09.23, 18:03:29",16898451950,6226241065,1,Renovation,Send notifications,scheduler_feature_views_and_appts,cancelled,,https://github.com/DevExpress/DevExtreme/actions/runs/6226241065/job/16898451950
"18.09.23, 17:08:22",16896778554,6225729677,1,Renovation,jest-tests,scheduler_feature_views_and_appts,failure,Jest test,https://github.com/DevExpress/DevExtreme/actions/runs/6225729677/job/16896778554
"18.09.23, 15:43:28",16893946537,6224844355,1,Renovation,jest-tests,scheduler_feature_views_and_appts,failure,Jest test,https://github.com/DevExpress/DevExtreme/actions/runs/6224844355/job/16893946537
"18.09.23, 15:03:50",16892450124,6224377169,1,Renovation,jest-tests,renovate/23_2-pin-dependencies,failure,Run npm install,https://github.com/DevExpress/DevExtreme/actions/runs/6224377169/job/16892450124
"18.09.23, 13:44:24",16889331610,6223415842,1,Renovation,jest-tests,renovate/23_2-pin-dependencies,failure,Run npm install,https://github.com/DevExpress/DevExtreme/actions/runs/6223415842/job/16889331610
"18.09.23, 13:40:59",16889205100,6223379085,1,Renovation,jest-tests,renovate/23_2-pin-dependencies,failure,Run npm install,https://github.com/DevExpress/DevExtreme/actions/runs/6223379085/job/16889205100
"18.09.23, 09:58:16",16882061894,6220971048,1,Renovation,jest-tests,renovate/23_2-pin-dependencies,failure,Run npm install,https://github.com/DevExpress/DevExtreme/actions/runs/6220971048/job/16882061894
"18.09.23, 06:54:56",16876790702,6219180998,1,Renovation,jest-tests,renovate/23_2-pin-dependencies,failure,Run npm install,https://github.com/DevExpress/DevExtreme/actions/runs/6219180998/job/16876790702
"18.09.23, 02:41:46",16872883900,6217597978,1,Renovation,jest-tests,renovate/23_2-pin-dependencies,failure,Run npm install,https://github.com/DevExpress/DevExtreme/actions/runs/6217597978/job/16872883900
"18.09.23, 19:32:07",16901140185,6227141493,1,Styles tests,Tests,scheduler_feature_views_and_appts,cancelled,Use Node.js,https://github.com/DevExpress/DevExtreme/actions/runs/6227141493/job/16901140185
"18.09.23, 19:36:26",16901267396,6227141493,1,Styles tests,Send notifications,scheduler_feature_views_and_appts,cancelled,,https://github.com/DevExpress/DevExtreme/actions/runs/6227141493/job/16901267396
"18.09.23, 15:03:50",16892450449,6224377177,1,Styles tests,Tests,renovate/23_2-pin-dependencies,failure,Run npm install,https://github.com/DevExpress/DevExtreme/actions/runs/6224377177/job/16892450449
"18.09.23, 13:44:24",16889331654,6223415848,1,Styles tests,Tests,renovate/23_2-pin-dependencies,failure,Run npm install,https://github.com/DevExpress/DevExtreme/actions/runs/6223415848/job/16889331654
"18.09.23, 13:40:57",16889204071,6223379086,1,Styles tests,Tests,renovate/23_2-pin-dependencies,failure,Run npm install,https://github.com/DevExpress/DevExtreme/actions/runs/6223379086/job/16889204071
"18.09.23, 09:58:18",16882062755,6220971058,1,Styles tests,Tests,renovate/23_2-pin-dependencies,failure,Run npm install,https://github.com/DevExpress/DevExtreme/actions/runs/6220971058/job/16882062755
"18.09.23, 06:54:57",16876790840,6219180997,1,Styles tests,Tests,renovate/23_2-pin-dependencies,failure,Run npm install,https://github.com/DevExpress/DevExtreme/actions/runs/6219180997/job/16876790840
"18.09.23, 02:41:45",16872883620,6217597968,1,Styles tests,Tests,renovate/23_2-pin-dependencies,failure,Run npm install,https://github.com/DevExpress/DevExtreme/actions/runs/6217597968/job/16872883620
"18.09.23, 19:32:06",16901139675,6227141470,1,TestCafe tests,build,scheduler_feature_views_and_appts,cancelled,Use Node.js,https://github.com/DevExpress/DevExtreme/actions/runs/6227141470/job/16901139675
"18.09.23, 19:36:24",16901266526,6227141470,1,TestCafe tests,${{ matrix.ARGS.name }},scheduler_feature_views_and_appts,cancelled,,https://github.com/DevExpress/DevExtreme/actions/runs/6227141470/job/16901266526
"18.09.23, 19:36:26",16901267412,6227141470,1,TestCafe tests,Send notifications,scheduler_feature_views_and_appts,cancelled,,https://github.com/DevExpress/DevExtreme/actions/runs/6227141470/job/16901267412
"18.09.23, 18:01:08",16898370061,6226241077,1,TestCafe tests,build,scheduler_feature_views_and_appts,cancelled,Build,https://github.com/DevExpress/DevExtreme/actions/runs/6226241077/job/16898370061
"18.09.23, 18:03:29",16898451909,6226241077,1,TestCafe tests,${{ matrix.ARGS.name }},scheduler_feature_views_and_appts,cancelled,,https://github.com/DevExpress/DevExtreme/actions/runs/6226241077/job/16898451909
"18.09.23, 18:03:30",16898452638,6226241077,1,TestCafe tests,Send notifications,scheduler_feature_views_and_appts,cancelled,,https://github.com/DevExpress/DevExtreme/actions/runs/6226241077/job/16898452638
"18.09.23, 15:48:35",16894125564,6224844339,1,TestCafe tests,scheduler (1/5),scheduler_feature_views_and_appts,failure,Run TestCafe tests,https://github.com/DevExpress/DevExtreme/actions/runs/6224844339/job/16894125564
"18.09.23, 15:48:36",16894126373,6224844339,1,TestCafe tests,scheduler (4/5),scheduler_feature_views_and_appts,failure,Run TestCafe tests,https://github.com/DevExpress/DevExtreme/actions/runs/6224844339/job/16894126373
"18.09.23, 15:48:37",16894126572,6224844339,1,TestCafe tests,scheduler (5/5),scheduler_feature_views_and_appts,failure,Run TestCafe tests,https://github.com/DevExpress/DevExtreme/actions/runs/6224844339/job/16894126572
"18.09.23, 15:03:50",16892450471,6224377182,1,TestCafe tests,build,renovate/23_2-pin-dependencies,failure,Run npm install,https://github.com/DevExpress/DevExtreme/actions/runs/6224377182/job/16892450471
"18.09.23, 13:44:25",16889331949,6223415832,1,TestCafe tests,build,renovate/23_2-pin-dependencies,failure,Run npm install,https://github.com/DevExpress/DevExtreme/actions/runs/6223415832/job/16889331949
"18.09.23, 13:40:58",16889204340,6223379101,1,TestCafe tests,build,renovate/23_2-pin-dependencies,failure,Run npm install,https://github.com/DevExpress/DevExtreme/actions/runs/6223379101/job/16889204340
"18.09.23, 12:29:15",16886583136,6222455797,1,TestCafe tests,dataGrid (2/2),23_2_placeholders_a11y,failure,Run TestCafe tests,https://github.com/DevExpress/DevExtreme/actions/runs/6222455797/job/16886583136
"18.09.23, 12:29:17",16886583950,6222455797,1,TestCafe tests,scheduler (1/5),23_2_placeholders_a11y,failure,Run TestCafe tests,https://github.com/DevExpress/DevExtreme/actions/runs/6222455797/job/16886583950
"18.09.23, 12:24:30",16886418576,6222399862,1,TestCafe tests,common,23_2_placeholders_a11y,cancelled,Run /./.github/actions/pin-browsers,https://github.com/DevExpress/DevExtreme/actions/runs/6222399862/job/16886418576
"18.09.23, 12:24:31",16886419091,6222399862,1,TestCafe tests,common - material,23_2_placeholders_a11y,cancelled,Run /./.github/actions/pin-browsers,https://github.com/DevExpress/DevExtreme/actions/runs/6222399862/job/16886419091
"18.09.23, 12:24:32",16886419648,6222399862,1,TestCafe tests,common - fluent,23_2_placeholders_a11y,cancelled,Run /./.github/actions/pin-browsers,https://github.com/DevExpress/DevExtreme/actions/runs/6222399862/job/16886419648
"18.09.23, 12:24:34",16886420592,6222399862,1,TestCafe tests,treeList,23_2_placeholders_a11y,cancelled,Run /./.github/actions/pin-browsers,https://github.com/DevExpress/DevExtreme/actions/runs/6222399862/job/16886420592
"18.09.23, 12:24:34",16886420838,6222399862,1,TestCafe tests,dataGrid (1/2),23_2_placeholders_a11y,cancelled,Run /./.github/actions/pin-browsers,https://github.com/DevExpress/DevExtreme/actions/runs/6222399862/job/16886420838
"18.09.23, 12:24:35",16886421093,6222399862,1,TestCafe tests,dataGrid (2/2),23_2_placeholders_a11y,cancelled,Run /./.github/actions/pin-browsers,https://github.com/DevExpress/DevExtreme/actions/runs/6222399862/job/16886421093
"18.09.23, 12:24:35",16886421392,6222399862,1,TestCafe tests,pivotGrid,23_2_placeholders_a11y,cancelled,Run /./.github/actions/pin-browsers,https://github.com/DevExpress/DevExtreme/actions/runs/6222399862/job/16886421392
"18.09.23, 12:24:35",16886421686,6222399862,1,TestCafe tests,pivotGrid - material,23_2_placeholders_a11y,cancelled,Run /./.github/actions/pin-browsers,https://github.com/DevExpress/DevExtreme/actions/runs/6222399862/job/16886421686
"18.09.23, 12:24:36",16886421968,6222399862,1,TestCafe tests,scheduler (1/5),23_2_placeholders_a11y,cancelled,Run /./.github/actions/pin-browsers,https://github.com/DevExpress/DevExtreme/actions/runs/6222399862/job/16886421968
"18.09.23, 12:24:36",16886422266,6222399862,1,TestCafe tests,scheduler (2/5),23_2_placeholders_a11y,cancelled,Run /./.github/actions/pin-browsers,https://github.com/DevExpress/DevExtreme/actions/runs/6222399862/job/16886422266
"18.09.23, 12:24:37",16886422495,6222399862,1,TestCafe tests,scheduler (3/5),23_2_placeholders_a11y,cancelled,Run /./.github/actions/pin-browsers,https://github.com/DevExpress/DevExtreme/actions/runs/6222399862/job/16886422495
"18.09.23, 12:24:37",16886422812,6222399862,1,TestCafe tests,scheduler (4/5),23_2_placeholders_a11y,cancelled,Run /./.github/actions/pin-browsers,https://github.com/DevExpress/DevExtreme/actions/runs/6222399862/job/16886422812
"18.09.23, 12:24:38",16886423040,6222399862,1,TestCafe tests,scheduler (5/5),23_2_placeholders_a11y,cancelled,Run /./.github/actions/pin-browsers,https://github.com/DevExpress/DevExtreme/actions/runs/6222399862/job/16886423040
"18.09.23, 12:24:38",16886423238,6222399862,1,TestCafe tests,form (1/2),23_2_placeholders_a11y,cancelled,Run /./.github/actions/pin-browsers,https://github.com/DevExpress/DevExtreme/actions/runs/6222399862/job/16886423238
"18.09.23, 12:24:39",16886423552,6222399862,1,TestCafe tests,form (2/2),23_2_placeholders_a11y,cancelled,Run /./.github/actions/pin-browsers,https://github.com/DevExpress/DevExtreme/actions/runs/6222399862/job/16886423552
"18.09.23, 12:24:39",16886423817,6222399862,1,TestCafe tests,editors,23_2_placeholders_a11y,cancelled,Run /./.github/actions/pin-browsers,https://github.com/DevExpress/DevExtreme/actions/runs/6222399862/job/16886423817
"18.09.23, 12:24:40",16886424085,6222399862,1,TestCafe tests,navigation,23_2_placeholders_a11y,cancelled,Run /./.github/actions/pin-browsers,https://github.com/DevExpress/DevExtreme/actions/runs/6222399862/job/16886424085
"18.09.23, 12:24:40",16886424363,6222399862,1,TestCafe tests,htmlEditor,23_2_placeholders_a11y,cancelled,Run /./.github/actions/pin-browsers,https://github.com/DevExpress/DevExtreme/actions/runs/6222399862/job/16886424363
"18.09.23, 12:24:40",16886424609,6222399862,1,TestCafe tests,form - material (1/2),23_2_placeholders_a11y,cancelled,Run /./.github/actions/pin-browsers,https://github.com/DevExpress/DevExtreme/actions/runs/6222399862/job/16886424609
"18.09.23, 12:24:41",16886424850,6222399862,1,TestCafe tests,form - material (2/2),23_2_placeholders_a11y,cancelled,Run /./.github/actions/pin-browsers,https://github.com/DevExpress/DevExtreme/actions/runs/6222399862/job/16886424850
"18.09.23, 12:24:41",16886425118,6222399862,1,TestCafe tests,editors - material,23_2_placeholders_a11y,cancelled,Run /./.github/actions/pin-browsers,https://github.com/DevExpress/DevExtreme/actions/runs/6222399862/job/16886425118
"18.09.23, 12:24:42",16886425349,6222399862,1,TestCafe tests,navigation - material,23_2_placeholders_a11y,cancelled,Run /./.github/actions/pin-browsers,https://github.com/DevExpress/DevExtreme/actions/runs/6222399862/job/16886425349
"18.09.23, 12:24:42",16886425557,6222399862,1,TestCafe tests,htmlEditor - material,23_2_placeholders_a11y,cancelled,Run /./.github/actions/pin-browsers,https://github.com/DevExpress/DevExtreme/actions/runs/6222399862/job/16886425557
"18.09.23, 12:25:03",16886436923,6222399862,1,TestCafe tests,Send notifications,23_2_placeholders_a11y,cancelled,,https://github.com/DevExpress/DevExtreme/actions/runs/6222399862/job/16886436923
"18.09.23, 09:58:18",16882062587,6220971042,1,TestCafe tests,build,renovate/23_2-pin-dependencies,failure,Run npm install,https://github.com/DevExpress/DevExtreme/actions/runs/6220971042/job/16882062587
"18.09.23, 09:55:20",16881980629,6220895593,1,TestCafe tests,dataGrid (1/2),feature/license-check,cancelled,Run TestCafe tests,https://github.com/DevExpress/DevExtreme/actions/runs/6220895593/job/16881980629
"18.09.23, 09:55:21",16881980900,6220895593,1,TestCafe tests,dataGrid (2/2),feature/license-check,cancelled,Run TestCafe tests,https://github.com/DevExpress/DevExtreme/actions/runs/6220895593/job/16881980900
"18.09.23, 09:55:27",16881983762,6220895593,1,TestCafe tests,editors,feature/license-check,cancelled,Run TestCafe tests,https://github.com/DevExpress/DevExtreme/actions/runs/6220895593/job/16881983762
"18.09.23, 09:55:29",16881984826,6220895593,1,TestCafe tests,editors - material,feature/license-check,cancelled,Run TestCafe tests,https://github.com/DevExpress/DevExtreme/actions/runs/6220895593/job/16881984826
"18.09.23, 10:03:12",16882217598,6220895593,1,TestCafe tests,Send notifications,feature/license-check,cancelled,,https://github.com/DevExpress/DevExtreme/actions/runs/6220895593/job/16882217598
"18.09.23, 06:54:57",16876790838,6219181000,1,TestCafe tests,build,renovate/23_2-pin-dependencies,failure,Run npm install,https://github.com/DevExpress/DevExtreme/actions/runs/6219181000/job/16876790838
"18.09.23, 02:47:17",16872942181,6217601106,1,TestCafe tests,dataGrid (2/2),T1188828_23_2,failure,Run TestCafe tests,https://github.com/DevExpress/DevExtreme/actions/runs/6217601106/job/16872942181
"18.09.23, 07:13:04",16877233435,6217601106,2,TestCafe tests,dataGrid (2/2),T1188828_23_2,failure,Run TestCafe tests,https://github.com/DevExpress/DevExtreme/actions/runs/6217601106/job/16877233435
"18.09.23, 02:46:47",16872936791,6217599276,1,TestCafe tests,dataGrid (1/2),T1188828_23_1,failure,Run TestCafe tests,https://github.com/DevExpress/DevExtreme/actions/runs/6217599276/job/16872936791
"18.09.23, 07:12:49",16877226340,6217599276,2,TestCafe tests,dataGrid (1/2),T1188828_23_1,failure,Run TestCafe tests,https://github.com/DevExpress/DevExtreme/actions/runs/6217599276/job/16877226340
"18.09.23, 02:41:46",16872883923,6217597984,1,TestCafe tests,build,renovate/23_2-pin-dependencies,failure,Run npm install,https://github.com/DevExpress/DevExtreme/actions/runs/6217597984/job/16872883923
"18.09.23, 02:46:05",16872929070,6217597261,1,TestCafe tests,dataGrid (2/2),T1188828_22_2,failure,Run TestCafe tests,https://github.com/DevExpress/DevExtreme/actions/runs/6217597261/job/16872929070
"18.09.23, 07:12:27",16877218018,6217597261,2,TestCafe tests,dataGrid (2/2),T1188828_22_2,failure,Run TestCafe tests,https://github.com/DevExpress/DevExtreme/actions/runs/6217597261/job/16877218018
"18.09.23, 01:45:38",16872095804,6217198525,1,TestCafe tests,dataGrid (2/2),T1188828_23_2,failure,Run TestCafe tests,https://github.com/DevExpress/DevExtreme/actions/runs/6217198525/job/16872095804
"18.09.23, 01:44:47",16872084174,6217197997,1,TestCafe tests,dataGrid (1/2),T1188828_23_1,failure,Run TestCafe tests,https://github.com/DevExpress/DevExtreme/actions/runs/6217197997/job/16872084174
"18.09.23, 01:44:34",16872081395,6217197472,1,TestCafe tests,dataGrid (2/2),T1188828_22_2,failure,Run TestCafe tests,https://github.com/DevExpress/DevExtreme/actions/runs/6217197472/job/16872081395
"18.09.23, 19:32:05",16901139209,6227141468,1,Themebuilder and Styles tests,test,scheduler_feature_views_and_appts,cancelled,Build,https://github.com/DevExpress/DevExtreme/actions/runs/6227141468/job/16901139209
"18.09.23, 19:36:39",16901273291,6227141468,1,Themebuilder and Styles tests,Send notifications,scheduler_feature_views_and_appts,cancelled,,https://github.com/DevExpress/DevExtreme/actions/runs/6227141468/job/16901273291
"18.09.23, 18:01:07",16898369378,6226241054,1,Themebuilder and Styles tests,test,scheduler_feature_views_and_appts,cancelled,Build,https://github.com/DevExpress/DevExtreme/actions/runs/6226241054/job/16898369378
"18.09.23, 18:03:27",16898450755,6226241054,1,Themebuilder and Styles tests,Send notifications,scheduler_feature_views_and_appts,cancelled,,https://github.com/DevExpress/DevExtreme/actions/runs/6226241054/job/16898450755
"18.09.23, 15:03:49",16892449345,6224377158,1,Themebuilder and Styles tests,test,renovate/23_2-pin-dependencies,failure,Run npm install,https://github.com/DevExpress/DevExtreme/actions/runs/6224377158/job/16892449345
"18.09.23, 13:44:24",16889331604,6223415833,1,Themebuilder and Styles tests,test,renovate/23_2-pin-dependencies,failure,Run npm install,https://github.com/DevExpress/DevExtreme/actions/runs/6223415833/job/16889331604
"18.09.23, 13:40:58",16889204313,6223379098,1,Themebuilder and Styles tests,test,renovate/23_2-pin-dependencies,failure,Run npm install,https://github.com/DevExpress/DevExtreme/actions/runs/6223379098/job/16889204313
"18.09.23, 12:19:55",16886264319,6222399859,1,Themebuilder and Styles tests,test,23_2_placeholders_a11y,cancelled,Build,https://github.com/DevExpress/DevExtreme/actions/runs/6222399859/job/16886264319
"18.09.23, 12:25:05",16886438108,6222399859,1,Themebuilder and Styles tests,Send notifications,23_2_placeholders_a11y,cancelled,,https://github.com/DevExpress/DevExtreme/actions/runs/6222399859/job/16886438108
"18.09.23, 09:58:17",16882062268,6220971047,1,Themebuilder and Styles tests,test,renovate/23_2-pin-dependencies,failure,Run npm install,https://github.com/DevExpress/DevExtreme/actions/runs/6220971047/job/16882062268
"18.09.23, 06:54:56",16876790696,6219180993,1,Themebuilder and Styles tests,test,renovate/23_2-pin-dependencies,failure,Run npm install,https://github.com/DevExpress/DevExtreme/actions/runs/6219180993/job/16876790696
"18.09.23, 02:41:46",16872883814,6217597983,1,Themebuilder and Styles tests,test,renovate/23_2-pin-dependencies,failure,Run npm install,https://github.com/DevExpress/DevExtreme/actions/runs/6217597983/job/16872883814
"18.09.23, 19:32:06",16901139701,6227141467,1,TS Declarations,check-ts-bundle,scheduler_feature_views_and_appts,cancelled,Use Node.js,https://github.com/DevExpress/DevExtreme/actions/runs/6227141467/job/16901139701
"18.09.23, 19:32:07",16901140166,6227141467,1,TS Declarations,check-ts-compilation,scheduler_feature_views_and_appts,cancelled,Use Node.js,https://github.com/DevExpress/DevExtreme/actions/runs/6227141467/job/16901140166
"18.09.23, 19:32:07",16901140486,6227141467,1,TS Declarations,validate-declarations,scheduler_feature_views_and_appts,cancelled,Use Node.js,https://github.com/DevExpress/DevExtreme/actions/runs/6227141467/job/16901140486
"18.09.23, 19:36:27",16901267745,6227141467,1,TS Declarations,Send notifications,scheduler_feature_views_and_appts,cancelled,,https://github.com/DevExpress/DevExtreme/actions/runs/6227141467/job/16901267745
"18.09.23, 15:03:50",16892450164,6224377164,1,TS Declarations,check-ts-compilation,renovate/23_2-pin-dependencies,failure,Run npm install,https://github.com/DevExpress/DevExtreme/actions/runs/6224377164/job/16892450164
"18.09.23, 15:03:52",16892451173,6224377164,1,TS Declarations,check-ts-bundle,renovate/23_2-pin-dependencies,failure,Run npm install,https://github.com/DevExpress/DevExtreme/actions/runs/6224377164/job/16892451173
"18.09.23, 15:03:52",16892451575,6224377164,1,TS Declarations,validate-declarations,renovate/23_2-pin-dependencies,failure,Run npm install,https://github.com/DevExpress/DevExtreme/actions/runs/6224377164/job/16892451575
"18.09.23, 13:44:23",16889330930,6223415840,1,TS Declarations,check-ts-bundle,renovate/23_2-pin-dependencies,failure,Run npm install,https://github.com/DevExpress/DevExtreme/actions/runs/6223415840/job/16889330930
"18.09.23, 13:44:24",16889331631,6223415840,1,TS Declarations,check-ts-compilation,renovate/23_2-pin-dependencies,failure,Run npm install,https://github.com/DevExpress/DevExtreme/actions/runs/6223415840/job/16889331631
"18.09.23, 13:44:26",16889332671,6223415840,1,TS Declarations,validate-declarations,renovate/23_2-pin-dependencies,failure,Run npm install,https://github.com/DevExpress/DevExtreme/actions/runs/6223415840/job/16889332671
"18.09.23, 13:40:57",16889204096,6223379089,1,TS Declarations,check-ts-compilation,renovate/23_2-pin-dependencies,failure,Run npm install,https://github.com/DevExpress/DevExtreme/actions/runs/6223379089/job/16889204096
"18.09.23, 13:40:59",16889205078,6223379089,1,TS Declarations,check-ts-bundle,renovate/23_2-pin-dependencies,failure,Run npm install,https://github.com/DevExpress/DevExtreme/actions/runs/6223379089/job/16889205078
"18.09.23, 13:41:00",16889205546,6223379089,1,TS Declarations,validate-declarations,renovate/23_2-pin-dependencies,failure,Run npm install,https://github.com/DevExpress/DevExtreme/actions/runs/6223379089/job/16889205546
"18.09.23, 10:57:34",16883789485,6221568753,1,TS Declarations,check-ts-compilation,Charts_types_23_2,failure,Check sources compilation,https://github.com/DevExpress/DevExtreme/actions/runs/6221568753/job/16883789485
"18.09.23, 10:57:34",16883789649,6221568753,1,TS Declarations,validate-declarations,Charts_types_23_2,failure,Validate declarations,https://github.com/DevExpress/DevExtreme/actions/runs/6221568753/job/16883789649
"18.09.23, 10:05:08",16882283147,6221051070,1,TS Declarations,check-ts-compilation,Charts_types_23_2,failure,Check sources compilation,https://github.com/DevExpress/DevExtreme/actions/runs/6221051070/job/16882283147
"18.09.23, 10:05:09",16882283447,6221051070,1,TS Declarations,validate-declarations,Charts_types_23_2,failure,Validate declarations,https://github.com/DevExpress/DevExtreme/actions/runs/6221051070/job/16882283447
"18.09.23, 09:58:18",16882062473,6220971051,1,TS Declarations,check-ts-bundle,renovate/23_2-pin-dependencies,failure,Run npm install,https://github.com/DevExpress/DevExtreme/actions/runs/6220971051/job/16882062473
"18.09.23, 09:58:18",16882062827,6220971051,1,TS Declarations,check-ts-compilation,renovate/23_2-pin-dependencies,failure,Run npm install,https://github.com/DevExpress/DevExtreme/actions/runs/6220971051/job/16882062827
"18.09.23, 09:58:19",16882063279,6220971051,1,TS Declarations,validate-declarations,renovate/23_2-pin-dependencies,failure,Run npm install,https://github.com/DevExpress/DevExtreme/actions/runs/6220971051/job/16882063279
"18.09.23, 06:54:59",16876791446,6219180982,1,TS Declarations,check-ts-bundle,renovate/23_2-pin-dependencies,failure,Run npm install,https://github.com/DevExpress/DevExtreme/actions/runs/6219180982/job/16876791446
"18.09.23, 06:55:00",16876791771,6219180982,1,TS Declarations,check-ts-compilation,renovate/23_2-pin-dependencies,failure,Run npm install,https://github.com/DevExpress/DevExtreme/actions/runs/6219180982/job/16876791771
"18.09.23, 06:55:00",16876791974,6219180982,1,TS Declarations,validate-declarations,renovate/23_2-pin-dependencies,failure,Run npm install,https://github.com/DevExpress/DevExtreme/actions/runs/6219180982/job/16876791974
"18.09.23, 02:41:46",16872883853,6217597992,1,TS Declarations,check-ts-bundle,renovate/23_2-pin-dependencies,failure,Run npm install,https://github.com/DevExpress/DevExtreme/actions/runs/6217597992/job/16872883853
"18.09.23, 02:41:46",16872884007,6217597992,1,TS Declarations,validate-declarations,renovate/23_2-pin-dependencies,failure,Run npm install,https://github.com/DevExpress/DevExtreme/actions/runs/6217597992/job/16872884007
"18.09.23, 02:41:47",16872884201,6217597992,1,TS Declarations,check-ts-compilation,renovate/23_2-pin-dependencies,failure,Run npm install,https://github.com/DevExpress/DevExtreme/actions/runs/6217597992/job/16872884201
